{
    "prepare_queue": {
        "installed": [],
        "uninstalled": []
    },
    "config_munge": {
        "files": {
            "config.xml": {
                "parents": {
                    "/*": [
                        {
                            "xml": "<feature name=\"Camera\"><param name=\"browser-package\" value=\"Camera\" /></feature>",
                            "count": 1
                        }
                    ]
                }
            }
        }
    },
    "installed_plugins": {
        "cordova-plugin-battery-status": {
            "PACKAGE_NAME": "com.phonegap.helloworld"
        },
        "cordova-plugin-camera": {
            "PACKAGE_NAME": "com.phonegap.helloworld"
        },
        "cordova-plugin-console": {
            "PACKAGE_NAME": "com.phonegap.helloworld"
        },
        "cordova-plugin-dialogs": {
            "PACKAGE_NAME": "com.phonegap.helloworld"
        },
        "cordova-plugin-geolocation": {
            "PACKAGE_NAME": "com.phonegap.helloworld"
        },
        "cordova-plugin-inappbrowser": {
            "PACKAGE_NAME": "com.phonegap.helloworld"
        },
        "cordova-plugin-splashscreen": {
            "PACKAGE_NAME": "com.phonegap.helloworld"
        }
    },
    "dependent_plugins": {},
    "modules": [
        {
            "file": "plugins/cordova-plugin-battery-status/www/battery.js",
            "id": "cordova-plugin-battery-status.battery",
            "pluginId": "cordova-plugin-battery-status",
            "clobbers": [
                "navigator.battery"
            ]
        },
        {
            "file": "plugins/cordova-plugin-battery-status/src/browser/BatteryProxy.js",
            "id": "cordova-plugin-battery-status.Battery",
            "pluginId": "cordova-plugin-battery-status",
            "runs": true
        },
        {
            "file": "plugins/cordova-plugin-camera/www/CameraConstants.js",
            "id": "cordova-plugin-camera.Camera",
            "pluginId": "cordova-plugin-camera",
            "clobbers": [
                "Camera"
            ]
        },
        {
            "file": "plugins/cordova-plugin-camera/www/CameraPopoverOptions.js",
            "id": "cordova-plugin-camera.CameraPopoverOptions",
            "pluginId": "cordova-plugin-camera",
            "clobbers": [
                "CameraPopoverOptions"
            ]
        },
        {
            "file": "plugins/cordova-plugin-camera/www/Camera.js",
            "id": "cordova-plugin-camera.camera",
            "pluginId": "cordova-plugin-camera",
            "clobbers": [
                "navigator.camera"
            ]
        },
        {
            "file": "plugins/cordova-plugin-camera/src/browser/CameraProxy.js",
            "id": "cordova-plugin-camera.CameraProxy",
            "pluginId": "cordova-plugin-camera",
            "runs": true
        },
        {
            "file": "plugins/cordova-plugin-dialogs/www/notification.js",
            "id": "cordova-plugin-dialogs.notification",
            "pluginId": "cordova-plugin-dialogs",
            "merges": [
                "navigator.notification"
            ]
        },
        {
            "file": "plugins/cordova-plugin-dialogs/www/browser/notification.js",
            "id": "cordova-plugin-dialogs.notification_browser",
            "pluginId": "cordova-plugin-dialogs",
            "merges": [
                "navigator.notification"
            ]
        },
        {
            "file": "plugins/cordova-plugin-inappbrowser/www/inappbrowser.js",
            "id": "cordova-plugin-inappbrowser.inappbrowser",
            "pluginId": "cordova-plugin-inappbrowser",
            "clobbers": [
                "cordova.InAppBrowser.open",
                "window.open"
            ]
        },
        {
            "file": "plugins/cordova-plugin-inappbrowser/src/browser/InAppBrowserProxy.js",
            "id": "cordova-plugin-inappbrowser.InAppBrowserProxy",
            "pluginId": "cordova-plugin-inappbrowser",
            "merges": [
                ""
            ]
        },
        {
            "file": "plugins/cordova-plugin-splashscreen/www/splashscreen.js",
            "id": "cordova-plugin-splashscreen.SplashScreen",
            "pluginId": "cordova-plugin-splashscreen",
            "clobbers": [
                "navigator.splashscreen"
            ]
        },
        {
            "file": "plugins/cordova-plugin-splashscreen/src/browser/SplashScreenProxy.js",
            "id": "cordova-plugin-splashscreen.SplashScreenProxy",
            "pluginId": "cordova-plugin-splashscreen",
            "runs": true
        }
    ],
    "plugin_metadata": {
        "cordova-plugin-battery-status": "1.1.2",
        "cordova-plugin-camera": "2.1.1",
        "cordova-plugin-console": "1.0.7",
        "cordova-plugin-dialogs": "1.2.1",
        "cordova-plugin-geolocation": "2.1.0",
        "cordova-plugin-inappbrowser": "1.3.0",
        "cordova-plugin-splashscreen": "3.2.2"
    }
}